Pair=USDJPY;Period=M5;Days=3000;Shift=1;Bars=3000;Time=20190211_091837
no;Open;High;Low;Close;RSI;MFI;BB.2s;BB.1s;BB.main;BB.-1s;BB.-2s;Diff;High/Low;datetime;dateTime_Local;s.n.
603;109.979;109.988;109.96;109.96;52.45084048210124;67.67803003663045;109.9959676491074;109.9801338245536;109.9642999999998;109.948466175446;109.9326323508922;-0.01900000000000546;0.0280000000000058;2019.02.06 23:55;2019.02.07 06:55;1
604;110.01;110.042;109.978;109.979;55.98024300202194;68.35775303057088;109.9960253063224;109.9802126531611;109.9643999999998;109.9485873468385;109.9327746936771;-0.03100000000000591;0.06400000000000716;2019.02.06 23:50;2019.02.07 06:50;2
605;109.96;110.01;109.96;110.01;62.49881088018866;66.73024915041643;109.9950741049748;109.9795370524873;109.9639999999998;109.9484629475123;109.9329258950247;0.05000000000001137;0.05000000000001137;2019.02.06 23:45;2019.02.07 06:45;3
606;109.972;109.974;109.952;109.958;53.95467344975324;57.1511635519051;109.984464688251;109.9730573441254;109.9616499999998;109.9502426558742;109.9388353117486;-0.01399999999999579;0.02200000000000557;2019.02.06 23:40;2019.02.07 06:40;4
607;109.975;109.978;109.971;109.972;57.29336104899429;57.62764182247306;109.9844584766986;109.9729542383492;109.9614499999998;109.9499457616504;109.938441523301;-0.003000000000000114;0.006999999999990791;2019.02.06 23:35;2019.02.07 06:35;5
608;109.986;109.993;109.973;109.974;57.77858156670791;62.26930448345691;109.9844584766986;109.9729542383492;109.9614499999998;109.9499457616504;109.938441523301;-0.01200000000000045;0.01999999999999602;2019.02.06 23:30;2019.02.07 06:30;6
609;109.969;109.987;109.966;109.986;60.70923506281777;56.54097953178957;109.9831729278591;109.9716364639294;109.9600999999998;109.9485635360701;109.9370270721405;0.01700000000001012;0.0210000000000008;2019.02.06 23:25;2019.02.07 06:25;7
610;109.978;109.987;109.968;109.968;57.64807820985688;57.20165058399034;109.9800048537969;109.9697024268984;109.9593999999998;109.9490975731013;109.9387951462027;-0.009999999999990905;0.01899999999999125;2019.02.06 23:20;2019.02.07 06:20;8
611;109.965;109.979;109.964;109.979;60.37910233542233;53.17580436005809;109.9790389676049;109.9688444838023;109.9586499999998;109.9484555161973;109.9382610323947;0.01399999999999579;0.01500000000000057;2019.02.06 23:15;2019.02.07 06:15;9
612;109.963;109.971;109.963;109.965;57.97174230894881;52.09850259549937;109.9760274518239;109.9669137259119;109.9577999999998;109.9486862740878;109.9395725481757;0.00200000000000955;0.008000000000009777;2019.02.06 23:10;2019.02.07 06:10;10
613;109.95;109.962;109.95;109.962;57.44538553228953;47.75492300944202;109.9752975408182;109.966148770409;109.9569999999998;109.9478512295906;109.9387024591814;0.01200000000000045;0.01200000000000045;2019.02.06 23:05;2019.02.07 06:05;11
614;109.947;109.96;109.939;109.951;55.50426616998553;44.57675854617451;109.9772509541751;109.9674254770875;109.9575999999998;109.9477745229122;109.9379490458245;0.003999999999990678;0.0210000000000008;2019.02.06 23:00;2019.02.07 06:00;12
615;109.939;109.95;109.937;109.947;54.79188423274034;44.22307941764497;109.98408992635;109.9718699631749;109.9596499999998;109.9474300368248;109.9352100736497;0.008000000000009777;0.01300000000000523;2019.02.06 22:55;2019.02.07 05:55;13
616;109.95;109.95;109.934;109.942;53.91572939761829;45.9528016246234;109.9869530820057;109.9741765410028;109.9613999999998;109.9486234589969;109.9358469179939;-0.008000000000009777;0.01600000000000534;2019.02.06 22:50;2019.02.07 05:50;14
617;109.943;109.961;109.943;109.951;55.76377521344476;46.04729967236266;109.9870927308691;109.9749713654345;109.9628499999998;109.9507286345652;109.9386072691306;0.007999999999995566;0.01800000000000068;2019.02.06 22:45;2019.02.07 05:45;15
618;109.96;109.961;109.942;109.942;54.27483898338887;45.95840658270532;109.9874976314607;109.9756238157303;109.9637499999998;109.9518761842694;109.940002368539;-0.01800000000000068;0.01900000000000546;2019.02.06 22:40;2019.02.07 05:40;16
619;109.954;109.971;109.953;109.961;58.20386168552714;51.33801865609606;109.9865684955431;109.9757842477715;109.9649999999998;109.9542157522282;109.9434315044566;0.007000000000005002;0.01800000000000068;2019.02.06 22:35;2019.02.07 05:35;17
620;109.963;109.97;109.952;109.953;56.9575018202754;47.5756034859352;109.9869397754545;109.9756948877271;109.9644499999998;109.9532051122725;109.9419602245452;-0.009999999999990905;0.01800000000000068;2019.02.06 22:30;2019.02.07 05:30;18
621;109.961;109.973;109.958;109.964;59.26605354901946;46.4121280644632;109.9869714425677;109.9760357212838;109.9650999999998;109.9541642787159;109.943228557432;0.003000000000000114;0.01500000000000057;2019.02.06 22:25;2019.02.07 05:25;19
622;109.962;109.978;109.962;109.962;58.97887156166049;50.69264213199347;109.9894572258625;109.9777786129312;109.9660999999998;109.9544213870685;109.9427427741372;0.0;0.01599999999999113;2019.02.06 22:20;2019.02.07 05:20;20
623;109.969;109.971;109.952;109.962;58.97887156166049;49.68910876992062;109.9934333118278;109.9805166559138;109.9675999999998;109.9546833440859;109.9417666881719;-0.006999999999990791;0.01900000000000546;2019.02.06 22:15;2019.02.07 05:15;21
624;109.964;109.975;109.956;109.971;60.71736620676612;55.58785020949221;109.9936052523814;109.9807526261906;109.9678999999998;109.9550473738091;109.9421947476183;0.007000000000005002;0.01899999999999125;2019.02.06 22:10;2019.02.07 05:10;22
625;109.952;109.965;109.943;109.963;59.71460953888183;56.75747674080723;109.9932890781744;109.9802445390871;109.9671999999998;109.9541554609125;109.9411109218252;0.01099999999999568;0.02200000000000557;2019.02.06 22:05;2019.02.07 05:05;23
626;109.973;109.982;109.95;109.954;58.58473149536336;56.41826620068177;109.9943112077291;109.9802556038645;109.9661999999998;109.9521443961352;109.9380887922705;-0.01900000000000546;0.03199999999999648;2019.02.06 22:00;2019.02.07 05:00;24
627;109.948;109.984;109.947;109.972;61.88238191481104;61.67374812439093;109.994897041016;109.9803235205079;109.9657499999998;109.9511764794917;109.9366029589836;0.02400000000000091;0.03699999999999193;2019.02.06 21:55;2019.02.07 04:55;25
628;109.972;109.972;109.947;109.947;58.8242759914709;62.82926908015563;109.9957929459283;109.9798464729641;109.9638999999998;109.9479535270356;109.9320070540713;-0.02499999999999147;0.02499999999999147;2019.02.06 21:50;2019.02.07 04:50;26
629;109.955;109.972;109.951;109.972;63.67757309063169;69.06729640155405;110.003930466099;109.9826902330494;109.9614499999998;109.9402097669502;109.9189695339007;0.01699999999999591;0.0210000000000008;2019.02.06 21:45;2019.02.07 04:45;27
630;109.963;109.963;109.944;109.953;61.37684535583074;69.49884867873092;110.027751016253;109.9908505081264;109.9539499999998;109.9170494918732;109.8801489837466;-0.009999999999990905;0.01899999999999125;2019.02.06 21:40;2019.02.07 04:40;28
631;109.95;109.969;109.949;109.962;63.17764892716288;74.26196963232661;110.0411972695392;109.9942736347695;109.9473499999998;109.9004263652301;109.8535027304604;0.01200000000000045;0.01999999999999602;2019.02.06 21:35;2019.02.07 04:35;29
632;109.974;109.982;109.949;109.949;61.63294706573519;70.22584454364718;110.0641431762878;110.0003965881438;109.9366499999998;109.8729034118558;109.8091568237118;-0.02500000000000568;0.03300000000000125;2019.02.06 21:30;2019.02.07 04:30;30
633;109.987;109.987;109.973;109.974;66.74852991079301;73.86010285732961;110.0778667649434;110.0022583824716;109.9266499999998;109.851041617528;109.7754332350562;-0.01299999999999102;0.01399999999999579;2019.02.06 21:25;2019.02.07 04:25;31
634;109.981;109.999;109.98;109.992;70.7661008742643;74.00100382808455;110.084303900664;109.9997019503319;109.9150999999998;109.8304980496677;109.7458960993355;0.01100000000000989;0.01899999999999125;2019.02.06 21:20;2019.02.07 04:20;32
635;109.973;109.996;109.962;109.982;69.80696594202118;74.10252326843505;110.0814909733589;109.9925204866793;109.9035499999998;109.8145795133202;109.7256090266406;0.009000000000000341;0.03399999999999181;2019.02.06 21:15;2019.02.07 04:15;33
636;109.971;109.974;109.961;109.971;68.7350339918413;70.4806990178807;110.0788353170964;109.9851926585481;109.8915499999998;109.7979073414514;109.7042646829031;0.0;0.01300000000000523;2019.02.06 21:10;2019.02.07 04:10;34
637;109.967;109.982;109.964;109.969;68.54212576617192;74.49813603077354;110.0738873639283;109.977143681964;109.8803999999998;109.7836563180355;109.6869126360713;0.001999999999995339;0.01800000000000068;2019.02.06 21:05;2019.02.07 04:05;35
638;109.955;109.967;109.939;109.967;68.35664498570418;73.93322304849781;110.0676517839114;109.9681508919556;109.8686499999998;109.769149108044;109.6696482160882;0.01200000000000045;0.0280000000000058;2019.02.06 21:00;2019.02.07 04:00;36
639;109.965;109.969;109.944;109.95;66.77473974315821;73.2090500946453;110.058867283134;109.9579336415669;109.8569999999998;109.7560663584326;109.6551327168655;-0.01500000000000057;0.02499999999999147;2019.02.06 20:55;2019.02.07 03:55;37
640;109.985;110.001;109.962;109.966;69.8991232500946;72.27450542708455;110.0503585085087;109.9481792542542;109.8459999999998;109.7438207457453;109.6416414914908;-0.01900000000000546;0.03900000000000148;2019.02.06 20:50;2019.02.07 03:50;38
641;109.991;109.996;109.974;109.984;73.57854397043644;77.4669059835484;110.0358120851505;109.9355310425751;109.8352499999998;109.7349689574245;109.6346879148491;-0.007000000000005002;0.02199999999999136;2019.02.06 20:45;2019.02.07 03:45;39
642;109.969;109.993;109.967;109.992;75.25102511015345;72.41845294096805;110.0155664475199;109.9192332237598;109.8228999999998;109.7265667762398;109.6302335524798;0.02300000000001035;0.02599999999999625;2019.02.06 20:40;2019.02.07 03:40;40
643;109.958;109.988;109.958;109.968;73.53667588479077;72.93541192473626;109.989203711997;109.9003018559984;109.8113999999998;109.7224981440012;109.6335962880026;0.01000000000000512;0.03000000000000114;2019.02.06 20:35;2019.02.07 03:35;41
644;109.944;109.964;109.94;109.957;72.71369087636042;66.02298632518145;109.9647808570709;109.8826404285353;109.8004999999998;109.7183595714643;109.6362191429288;0.01299999999999102;0.02400000000000091;2019.02.06 20:30;2019.02.07 03:30;42
645;109.948;109.953;109.93;109.943;71.64759468263831;60.32036716394565;109.9390607043133;109.8645553521566;109.7900499999998;109.7155446478431;109.6410392956863;-0.004999999999995453;0.02299999999999613;2019.02.06 20:25;2019.02.07 03:25;43
646;109.937;109.968;109.934;109.945;72.02952816537274;59.55355963407639;109.9126261720916;109.8466380860457;109.7806499999998;109.7146619139539;109.648673827908;0.007999999999995566;0.03400000000000603;2019.02.06 20:20;2019.02.07 03:20;44
647;109.898;109.936;109.889;109.935;71.30289054002233;58.84325260926615;109.8816609405442;109.827330470272;109.7729999999998;109.7186695297276;109.6643390594554;0.03700000000000614;0.04700000000001125;2019.02.06 20:15;2019.02.07 03:15;45
648;109.821;109.906;109.817;109.898;68.41906924755304;57.62770238730382;109.8462481319831;109.8060990659914;109.7659499999998;109.7258009340082;109.6856518680165;0.07699999999999818;0.08900000000001285;2019.02.06 20:10;2019.02.07 03:10;46
649;109.821;109.84;109.802;109.822;60.71561247585951;56.4129538813078;109.8135344837311;109.7867922418654;109.7600499999998;109.7333077581342;109.7065655162685;0.001000000000004775;0.0379999999999967;2019.02.06 20:05;2019.02.07 03:05;47
650;109.749;109.822;109.748;109.821;60.59546436367116;48.62001266147006;109.8027335134964;109.7799917567481;109.7572499999998;109.7345082432515;109.7117664865032;0.07200000000000273;0.07399999999999807;2019.02.06 20:00;2019.02.07 03:00;48
651;109.75;109.761;109.743;109.748;49.98781178801896;41.33671602918051;109.7900972848041;109.772373642402;109.7546499999998;109.7369263575976;109.7192027151955;-0.001999999999995339;0.01800000000000068;2019.02.06 19:55;2019.02.07 02:55;49
652;109.748;109.762;109.748;109.749;50.16354832628092;40.2532038346602;109.7943625640494;109.7754562820246;109.7565499999998;109.737643717975;109.7187374359503;0.000999999999990564;0.01399999999999579;2019.02.06 19:50;2019.02.07 02:50;50
653;109.762;109.766;109.736;109.743;49.14446181904759;43.78424929506346;109.8019202472454;109.7805851236226;109.7592499999998;109.737914876377;109.7165797527542;-0.01900000000000546;0.03000000000000114;2019.02.06 19:45;2019.02.07 02:45;51
654;109.742;109.765;109.742;109.761;52.18577345037817;50.05952449432543;109.8063358282732;109.7840679141365;109.7617999999998;109.7395320858631;109.7172641717264;0.01899999999999125;0.02299999999999613;2019.02.06 19:40;2019.02.07 02:40;52
655;109.747;109.748;109.74;109.742;49.02224498631398;44.06436000877922;109.8079821788109;109.7853660894054;109.7627499999998;109.7401339105943;109.7175178211887;-0.004999999999995453;0.008000000000009777;2019.02.06 19:35;2019.02.07 02:35;53
656;109.734;109.749;109.734;109.748;50.01498612415981;50.782891525537;109.8159233278363;109.7911616639181;109.7663999999998;109.7416383360816;109.7168766721633;0.01400000000001;0.01500000000000057;2019.02.06 19:30;2019.02.07 02:30;54
657;109.736;109.753;109.734;109.734;47.66573557069121;52.56766460632004;109.8158672383653;109.7912086191826;109.7665499999998;109.7418913808171;109.7172327616343;-0.00200000000000955;0.01900000000000546;2019.02.06 19:25;2019.02.07 02:25;55
658;109.731;109.741;109.729;109.734;47.66573557069122;48.64122666547039;109.8184649978778;109.7919574989388;109.7654499999998;109.7389425010608;109.7124350021219;0.003000000000000114;0.01200000000000045;2019.02.06 19:20;2019.02.07 02:20;56
659;109.75;109.75;109.716;109.73;47.02371313908476;44.91153684578136;109.8196291893063;109.792214594653;109.7647999999998;109.7373854053466;109.7099708106934;-0.01999999999999602;0.03400000000000603;2019.02.06 19:15;2019.02.07 02:15;57
660;109.736;109.76;109.731;109.751;50.08838525996654;49.13793199125872;109.8198741794867;109.7922620897433;109.7646499999998;109.7370379102564;109.7094258205129;0.01500000000000057;0.02900000000001057;2019.02.06 19:10;2019.02.07 02:10;58
661;109.764;109.767;109.723;109.737;47.93952811494015;50.74062225798279;109.821326541664;109.7922382708319;109.7631499999998;109.7340617291677;109.7049734583357;-0.02700000000000102;0.04399999999999693;2019.02.06 19:05;2019.02.07 02:05;59
662;109.75;109.764;109.747;109.762;51.71675216136465;55.06199322662384;109.8271997561884;109.7938748780941;109.7605499999998;109.7272251219055;109.6939002438112;0.01200000000000045;0.01699999999999591;2019.02.06 19:00;2019.02.07 02:00;60
663;109.746;109.762;109.733;109.75;49.91733755256787;55.6564038098014;109.8320739063967;109.7942119531982;109.7563499999998;109.7184880468014;109.6806260936029;0.004000000000004889;0.02899999999999636;2019.02.06 18:55;2019.02.07 01:55;61
664;109.756;109.762;109.739;109.748;49.62005817514593;54.60458034246157;109.8392935573458;109.7954467786728;109.7515999999998;109.7077532213268;109.6639064426538;-0.007999999999995566;0.02299999999999613;2019.02.06 18:50;2019.02.07 01:50;62
665;109.792;109.794;109.753;109.755;50.61909946713538;52.98415447136335;109.842580840173;109.7950904200864;109.7475999999998;109.7001095799132;109.6526191598266;-0.03700000000000614;0.04099999999999682;2019.02.06 18:45;2019.02.07 01:45;63
666;109.796;109.8;109.787;109.792;56.31230355059636;52.69146347923633;109.8415843379535;109.7935421689767;109.7454999999998;109.697457831023;109.6494156620461;-0.004000000000004889;0.01299999999999102;2019.02.06 18:40;2019.02.07 01:40;64
667;109.781;109.802;109.766;109.794;56.63942805192967;47.98710004208247;109.8364727293668;109.7896113646833;109.7427499999998;109.6958886353163;109.6490272706328;0.01299999999999102;0.03600000000000136;2019.02.06 18:35;2019.02.07 01:35;65
668;109.767;109.789;109.764;109.78;54.89707511368461;44.06966904727995;109.8305919968921;109.785220998446;109.7398499999998;109.6944790015537;109.6491080031075;0.01300000000000523;0.02500000000000568;2019.02.06 18:30;2019.02.07 01:30;66
669;109.768;109.768;109.73;109.766;53.10699357978812;44.4149887015728;109.8280402570271;109.7833951285135;109.7387499999998;109.6941048714862;109.6494597429725;-0.001999999999995339;0.0379999999999967;2019.02.06 18:25;2019.02.07 01:25;67
670;109.786;109.801;109.752;109.769;53.53956695435516;49.61500932444584;109.8263112422236;109.7820556211117;109.7377999999998;109.6935443788879;109.649288757776;-0.01699999999999591;0.04900000000000659;2019.02.06 18:20;2019.02.07 01:20;68
671;109.802;109.812;109.777;109.786;55.99488465340993;48.49423776332502;109.823056514043;109.7793032570214;109.7355499999998;109.6917967429782;109.6480434859565;-0.01600000000000534;0.03499999999999659;2019.02.06 18:15;2019.02.07 01:15;69
672;109.793;109.816;109.792;109.803;58.54553068151777;47.30626100144748;109.8167490412923;109.774374520646;109.7319999999998;109.6896254793536;109.6472509587073;0.009999999999990905;0.02400000000000091;2019.02.06 18:10;2019.02.07 01:10;70
673;109.781;109.82;109.779;109.794;57.57355436957675;42.05358455511256;109.8062713229732;109.7671356614865;109.7279999999998;109.6888643385131;109.6497286770264;0.01299999999999102;0.04099999999999682;2019.02.06 18:05;2019.02.07 01:05;71
674;109.815;109.82;109.773;109.78;56.05074707108536;41.49293609152395;109.7979765802444;109.7616882901221;109.7253999999998;109.6891117098775;109.6528234197552;-0.03499999999999659;0.04699999999999704;2019.02.06 18:00;2019.02.07 01:00;72
675;109.752;109.843;109.744;109.815;61.27409321918576;46.09283166292501;109.7906160773971;109.7565580386985;109.7224999999998;109.6884419613011;109.6543839226025;0.06300000000000239;0.09900000000000375;2019.02.06 17:55;2019.02.07 00:55;73
676;109.712;109.753;109.712;109.751;53.79411713047615;40.46644067581938;109.7707862930404;109.7435681465201;109.7163499999998;109.6891318534795;109.6619137069592;0.03900000000000148;0.04099999999999682;2019.02.06 17:50;2019.02.07 00:50;74
677;109.722;109.734;109.703;109.712;47.97708390058626;36.29182253741328;109.7664745619279;109.7404372809638;109.7143999999998;109.6883627190358;109.6623254380717;-0.009999999999990905;0.0309999999999917;2019.02.06 17:45;2019.02.07 00:45;75
678;109.728;109.74;109.72;109.721;49.33882511876123;36.25964775311983;109.7681319703502;109.741790985175;109.7154499999998;109.6891090148246;109.6627680296494;-0.006999999999990791;0.01999999999999602;2019.02.06 17:40;2019.02.07 00:40;76
679;109.719;109.741;109.717;109.727;50.24197490643421;36.10046566794542;109.7737366769314;109.7455933384656;109.7174499999998;109.689306661534;109.6611633230682;0.008000000000009777;0.02400000000000091;2019.02.06 17:35;2019.02.07 00:35;77
680;109.686;109.736;109.686;109.721;49.36137942519613;34.9296058965468;109.7848569980638;109.7527034990318;109.7205499999998;109.6883965009678;109.6562430019359;0.03499999999999659;0.04999999999999716;2019.02.06 17:30;2019.02.07 00:30;78
681;109.679;109.702;109.678;109.685;43.68004327883906;30.28054744631277;109.7926236221401;109.7580368110699;109.7234499999998;109.6888631889297;109.6542763778596;0.006000000000000227;0.02400000000000091;2019.02.06 17:25;2019.02.07 00:25;79
682;109.654;109.684;109.654;109.678;42.48812833419722;25.48693587155755;109.8008257571783;109.7647128785891;109.7285999999998;109.6924871214106;109.6563742428214;0.02400000000000091;0.03000000000000114;2019.02.06 17:20;2019.02.07 00:20;80
683;109.666;109.692;109.653;109.655;38.4201866123004;20.92665697539368;109.8105184457957;109.7727342228978;109.7349499999998;109.6971657771019;109.659381554204;-0.01099999999999568;0.03899999999998727;2019.02.06 17:15;2019.02.07 00:15;81
684;109.713;109.713;109.665;109.668;39.93699864835936;24.9739815208099;109.8226870777685;109.7833685388842;109.7440499999998;109.7047314611155;109.6654129222311;-0.04499999999998749;0.04799999999998761;2019.02.06 17:10;2019.02.07 00:10;82
685;109.737;109.75;109.713;109.713;45.89547045815763;30.86124819490388;109.8285581704562;109.790079085228;109.7515999999998;109.7131209147716;109.6746418295434;-0.02400000000000091;0.03700000000000614;2019.02.06 17:05;2019.02.07 00:05;83
686;109.735;109.742;109.719;109.737;49.64855560070274;34.89479824613412;109.8300669079184;109.7923584539591;109.7546499999998;109.7169415460405;109.6792330920812;0.001999999999995339;0.02300000000001035;2019.02.06 17:00;2019.02.07 00:00;84
687;109.758;109.773;109.723;109.736;49.48504310727544;39.83668833767798;109.8302535808604;109.7927267904301;109.7551999999998;109.7176732095695;109.6801464191392;-0.02199999999999136;0.04999999999999716;2019.02.06 16:55;2019.02.06 23:55;85
688;109.747;109.76;109.737;109.758;53.08820107992464;40.90346682710158;109.8302682823519;109.7926591411759;109.7550499999998;109.7174408588238;109.6798317176477;0.01099999999999568;0.02300000000001035;2019.02.06 16:50;2019.02.06 23:50;86
689;109.726;109.764;109.723;109.747;51.40757325900406;36.91717229403583;109.8296495858171;109.7919247929085;109.7541999999998;109.7164752070912;109.6787504141825;0.0210000000000008;0.04099999999999682;2019.02.06 16:45;2019.02.06 23:45;87
690;109.714;109.735;109.707;109.724;47.68471212427817;34.67512909709953;109.8294610150306;109.7915555075152;109.7536499999998;109.7157444924844;109.677838984969;0.01000000000000512;0.0280000000000058;2019.02.06 16:40;2019.02.06 23:40;88
691;109.722;109.764;109.712;109.715;46.15107153917366;35.83093305438739;109.8293067208459;109.7918283604229;109.7543499999998;109.7168716395768;109.6793932791537;-0.006999999999990791;0.0519999999999925;2019.02.06 16:35;2019.02.06 23:35;89
692;109.738;109.762;109.72;109.723;47.32254968768692;38.14218151921129;109.8288422954057;109.7924211477028;109.7559999999998;109.7195788522968;109.6831577045939;-0.01500000000000057;0.04200000000000159;2019.02.06 16:30;2019.02.06 23:30;90
693;109.722;109.75;109.715;109.742;50.19743938436863;43.94372398610512;109.8286809890579;109.7930154945288;109.7573499999998;109.7216845054708;109.6860190109417;0.02000000000001023;0.03499999999999659;2019.02.06 16:25;2019.02.06 23:25;91
694;109.689;109.726;109.685;109.722;46.9761929022984;41.94905209693665;109.8286723354419;109.7929611677208;109.7572499999998;109.7215388322787;109.6858276645577;0.03300000000000125;0.04099999999999682;2019.02.06 16:20;2019.02.06 23:20;92
695;109.713;109.725;109.691;109.692;41.59283470534248;36.79099915548581;109.8283373838698;109.7930186919348;109.7576999999998;109.7223813080648;109.6870626161298;-0.0210000000000008;0.03399999999999181;2019.02.06 16:15;2019.02.06 23:15;93
696;109.734;109.739;109.698;109.712;44.45106267805911;37.39215666723551;109.8246254608053;109.7924127304025;109.7601999999998;109.727987269597;109.6957745391943;-0.02199999999999136;0.04100000000001103;2019.02.06 16:10;2019.02.06 23:10;94
697;109.762;109.763;109.713;109.733;47.72230455676137;37.14851494953198;109.8228820235034;109.7922910117516;109.7616999999998;109.731108988248;109.7005179764961;-0.02899999999999636;0.05000000000001137;2019.02.06 16:05;2019.02.06 23:05;95
698;109.789;109.789;109.759;109.761;52.62811379167325;37.87643692866166;109.8227762494639;109.7928881247319;109.7629999999998;109.7331118752677;109.7032237505356;-0.0280000000000058;0.03000000000000114;2019.02.06 16:00;2019.02.06 23:00;96
699;109.778;109.797;109.778;109.789;58.32398329311887;44.40742963796365;109.8236075683294;109.7936287841646;109.7636499999998;109.733671215835;109.7036924316702;0.01099999999999568;0.01899999999999125;2019.02.06 15:55;2019.02.06 22:55;97
700;109.787;109.796;109.772;109.779;56.73528417306175;45.9052686338127;109.8213404622685;109.7919202311342;109.7624999999998;109.7330797688654;109.703659537731;-0.008000000000009777;0.02400000000000091;2019.02.06 15:50;2019.02.06 22:50;98
701;109.805;109.805;109.774;109.788;58.64674535101651;50.00328705891729;109.8199057195138;109.7907278597568;109.7615499999998;109.7323721402428;109.7031942804858;-0.01700000000001012;0.03100000000000591;2019.02.06 15:45;2019.02.06 22:45;99
702;109.836;109.838;109.798;109.805;62.42046158816724;51.21229416547388;109.8168676992764;109.7880838496381;109.7592999999998;109.7305161503615;109.7017323007232;-0.0309999999999917;0.03999999999999204;2019.02.06 15:40;2019.02.06 22:40;100
703;109.819;109.84;109.808;109.837;70.53691813445259;51.79617782823745;109.8101588568135;109.7831294284066;109.7560999999998;109.729070571593;109.7020411431861;0.01800000000000068;0.03199999999999648;2019.02.06 15:35;2019.02.06 22:35;101
704;109.773;109.836;109.773;109.819;68.33683033780291;51.39395085583676;109.7912614487139;109.7716057243568;109.7519499999998;109.7322942756428;109.7126385512857;0.04600000000000648;0.06300000000000239;2019.02.06 15:30;2019.02.06 22:30;102
705;109.749;109.779;109.747;109.774;61.51087405786802;43.71088011787933;109.7733457525473;109.7603978762735;109.7474499999998;109.734502123726;109.7215542474523;0.02500000000000568;0.03199999999999648;2019.02.06 15:25;2019.02.06 22:25;103
706;109.732;109.759;109.725;109.748;56.34521946819632;44.55177259433195;109.7687896528648;109.7571948264323;109.7455999999998;109.7340051735673;109.7224103471348;0.01600000000000534;0.03400000000000603;2019.02.06 15:20;2019.02.06 22:20;104
707;109.742;109.745;109.729;109.733;52.87910965043969;45.50741491624922;109.7686430662167;109.7567465331082;109.7448499999998;109.7329534668914;109.7210569337829;-0.009000000000000341;0.01600000000000534;2019.02.06 15:15;2019.02.06 22:15;105
708;109.736;109.743;109.725;109.741;55.09551446680038;45.28989683065209;109.7684847380527;109.7568173690263;109.7451499999998;109.7334826309733;109.7218152619468;0.004999999999995453;0.01800000000000068;2019.02.06 15:10;2019.02.06 22:10;106
709;109.738;109.753;109.735;109.736;53.94946529672579;50.00117093748636;109.7685127084425;109.7567063542211;109.7448999999998;109.7330936457784;109.7212872915571;-0.001999999999995339;0.01800000000000068;2019.02.06 15:05;2019.02.06 22:05;107
710;109.75;109.75;109.728;109.738;54.47780926941623;45.82207456269615;109.7686236256147;109.7566868128072;109.7447499999998;109.7328131871923;109.7208763743849;-0.01200000000000045;0.02200000000000557;2019.02.06 15:00;2019.02.06 22:00;108
711;109.749;109.756;109.729;109.748;57.13565925706752;50.11397814518353;109.7688013859973;109.7566256929986;109.7444499999998;109.732274307001;109.7200986140023;-0.000999999999990564;0.02700000000000102;2019.02.06 14:55;2019.02.06 21:55;109
712;109.74;109.755;109.737;109.75;57.67024357800459;54.84925157218971;109.7688354083905;109.7561177041951;109.7433999999998;109.7306822958045;109.7179645916091;0.01000000000000512;0.01800000000000068;2019.02.06 14:50;2019.02.06 21:50;110
713;109.73;109.747;109.73;109.74;55.70148837683448;50.38508025357363;109.7708167748914;109.7560583874456;109.7412999999998;109.726541612554;109.7117832251082;0.009999999999990905;0.01699999999999591;2019.02.06 14:45;2019.02.06 21:45;111
714;109.741;109.745;109.728;109.731;53.86696130268453;51.66951300367158;109.7712457589984;109.7557728794991;109.7402999999998;109.7248271205005;109.7093542410012;-0.01000000000000512;0.01700000000001012;2019.02.06 14:40;2019.02.06 21:40;112
715;109.742;109.747;109.735;109.742;56.58798945923267;56.30555960477771;109.7740170413292;109.7564085206645;109.7387999999998;109.7211914793351;109.7035829586704;0.0;0.01200000000000045;2019.02.06 14:35;2019.02.06 21:35;113
716;109.759;109.76;109.736;109.742;56.58798945923267;60.53430919799454;109.7809249931505;109.7581124965751;109.7352999999998;109.7124875034244;109.6896750068491;-0.01699999999999591;0.02400000000000091;2019.02.06 14:30;2019.02.06 21:30;114
717;109.773;109.774;109.754;109.759;60.87710767067935;65.70084086052493;109.7864323541199;109.7589161770598;109.7313999999998;109.7038838229397;109.6763676458797;-0.01399999999999579;0.01999999999999602;2019.02.06 14:25;2019.02.06 21:25;115
718;109.765;109.774;109.764;109.774;65.00731571685995;67.18236638752344;109.7887571995851;109.7575035997924;109.7262499999998;109.6949964002071;109.6637428004145;0.009000000000000341;0.01000000000000512;2019.02.06 14:20;2019.02.06 21:20;116
719;109.759;109.773;109.753;109.766;63.76162874881164;62.50466422760772;109.7863652476756;109.7532826238377;109.7201999999998;109.6871173761619;109.654034752324;0.007000000000005002;0.01999999999999602;2019.02.06 14:15;2019.02.06 21:15;117
720;109.743;109.766;109.741;109.76;62.81856137400985;61.80002053417459;109.782737029667;109.7487685148334;109.7147999999998;109.6808314851662;109.6468629703326;0.01700000000001012;0.02500000000000568;2019.02.06 14:10;2019.02.06 21:10;118
721;109.741;109.753;109.738;109.743;60.01789773605556;61.78785064283586;109.7788109817873;109.7442054908935;109.7095999999998;109.674994509106;109.6403890182122;0.001999999999995339;0.01500000000000057;2019.02.06 14:05;2019.02.06 21:05;119
722;109.753;109.754;109.741;109.741;59.67844704812404;65.85058016865501;109.776338299529;109.7408191497644;109.7052999999998;109.6697808502352;109.6342617004706;-0.01200000000000045;0.01300000000000523;2019.02.06 14:00;2019.02.06 21:00;120
723;109.73;109.759;109.725;109.754;62.98026009509368;66.2947102545094;109.7745862032949;109.7374431016473;109.7002999999998;109.6631568983522;109.6260137967047;0.02400000000000091;0.03400000000000603;2019.02.06 13:55;2019.02.06 20:55;121
724;109.736;109.741;109.729;109.729;58.81764339282396;66.54556364814627;109.7678352398766;109.7315926199382;109.6953499999998;109.6591073800614;109.622864760123;-0.007000000000005002;0.01200000000000045;2019.02.06 13:50;2019.02.06 20:50;122
725;109.731;109.742;109.729;109.737;60.89934890614676;67.56011499932069;109.7666730318893;109.7284865159446;109.6902999999998;109.652113484055;109.6139269681103;0.006000000000000227;0.01300000000000523;2019.02.06 13:45;2019.02.06 20:45;123
726;109.74;109.745;109.722;109.733;60.23077032232646;62.32970930955753;109.7615959920099;109.7235479960049;109.6854999999998;109.6474520039948;109.6094040079897;-0.006999999999990791;0.02300000000001035;2019.02.06 13:40;2019.02.06 20:40;124
727;109.736;109.742;109.715;109.739;61.73500225703526;56.4103432303997;109.7571753854256;109.7186626927127;109.6801499999998;109.6416373072869;109.603124614574;0.003000000000000114;0.02700000000000102;2019.02.06 13:35;2019.02.06 20:35;125
728;109.732;109.739;109.729;109.736;61.27561972975348;57.19886121025164;109.7487186358506;109.7123593179252;109.6759999999998;109.6396406820744;109.603281364149;0.004000000000004889;0.01000000000000512;2019.02.06 13:30;2019.02.06 20:30;126
729;109.733;109.742;109.722;109.733;60.82887188586487;56.70949472960662;109.7397717718751;109.7060358859375;109.6722999999998;109.6385641140621;109.6048282281244;0.0;0.02000000000001023;2019.02.06 13:25;2019.02.06 20:25;127
730;109.728;109.74;109.727;109.732;60.68524494391224;57.87492881116398;109.7302470929553;109.6990735464775;109.6678999999998;109.636726453522;109.6055529070443;0.004000000000004889;0.01299999999999102;2019.02.06 13:20;2019.02.06 20:20;128
731;109.709;109.734;109.708;109.727;59.98837842906214;52.67898388327748;109.7193850888876;109.6918925444437;109.6643999999998;109.6369074555559;109.609414911112;0.01800000000000068;0.02599999999999625;2019.02.06 13:15;2019.02.06 20:15;129
732;109.717;109.725;109.705;109.708;57.2530710050064;52.88885744013684;109.7085966789474;109.6850733394736;109.6615499999998;109.638026660526;109.6145033210522;-0.009000000000000341;0.01999999999999602;2019.02.06 13:10;2019.02.06 20:10;130
733;109.701;109.725;109.7;109.72;59.70190550268664;58.89409024419471;109.7015832508248;109.6805416254123;109.6594999999998;109.6384583745873;109.6174167491748;0.01900000000000546;0.02499999999999147;2019.02.06 13:05;2019.02.06 20:05;131
734;109.668;109.707;109.666;109.701;56.93100217415167;57.81377314563155;109.6882158914635;109.6717329457317;109.6552499999998;109.6387670542679;109.622284108536;0.03299999999998704;0.04099999999999682;2019.02.06 13:00;2019.02.06 20:00;132
735;109.665;109.684;109.663;109.672;52.16138572140691;58.58632420863631;109.6783898936974;109.6652199468486;109.6520499999998;109.638880053151;109.6257101063022;0.006999999999990791;0.0210000000000008;2019.02.06 12:55;2019.02.06 19:55;133
736;109.655;109.679;109.648;109.664;50.73149221558248;58.64560245042193;109.6847838598035;109.6663169299017;109.6478499999998;109.629383070098;109.6109161401961;0.009000000000000341;0.03100000000000591;2019.02.06 12:50;2019.02.06 19:50;134
737;109.652;109.659;109.648;109.656;49.29160466963818;59.75001007757328;109.6886452685061;109.666322634253;109.6439999999998;109.6216773657466;109.5993547314935;0.004000000000004889;0.01100000000000989;2019.02.06 12:45;2019.02.06 19:45;135
738;109.658;109.669;109.651;109.653;48.75809871008813;59.37590170585106;109.6958310587718;109.6675905293858;109.6393499999998;109.6111094706138;109.5828689412279;-0.004999999999995453;0.01800000000000068;2019.02.06 12:40;2019.02.06 19:40;136
739;109.654;109.675;109.649;109.658;49.5840873734113;64.90859711195341;109.6959995812379;109.6661497906189;109.6362999999998;109.6064502093808;109.5766004187618;0.004000000000004889;0.02599999999999625;2019.02.06 12:35;2019.02.06 19:35;137
740;109.657;109.665;109.648;109.656;49.25743687762901;65.56628085194666;109.6947151441252;109.6638825720625;109.6330499999998;109.6022174279371;109.5713848558745;-0.000999999999990564;0.01700000000001012;2019.02.06 12:30;2019.02.06 19:30;138
741;109.64;109.662;109.64;109.657;49.40949854364813;59.1961823194188;109.6947329005136;109.6618414502567;109.6289499999998;109.596058549743;109.5631670994861;0.01699999999999591;0.02200000000000557;2019.02.06 12:25;2019.02.06 19:25;139
742;109.654;109.655;109.639;109.641;46.91873327578145;53.15180055572824;109.6920917790248;109.6588708895123;109.6256499999998;109.5924291104873;109.5592082209749;-0.01299999999999102;0.01600000000000534;2019.02.06 12:20;2019.02.06 19:20;140
743;109.628;109.657;109.625;109.655;48.92085036594099;51.70667233233556;109.6904773287132;109.6572636643565;109.6240499999998;109.5908363356431;109.5576226712864;0.02700000000000102;0.03199999999999648;2019.02.06 12:15;2019.02.06 19:15;141
744;109.641;109.641;109.625;109.628;44.58872872878113;46.93900734768561;109.6872002311242;109.654750115562;109.6222999999998;109.5898498844376;109.5573997688754;-0.01300000000000523;0.01600000000000534;2019.02.06 12:10;2019.02.06 19:10;142
745;109.627;109.642;109.616;109.641;46.38829820204701;46.46080747028788;109.6879262993731;109.6553381496865;109.6227499999998;109.5901618503131;109.5575737006265;0.01400000000001;0.02599999999999625;2019.02.06 12:05;2019.02.06 19:05;143
746;109.655;109.659;109.625;109.626;43.90673250000342;45.22110549774131;109.6911038689361;109.6575019344679;109.6238999999998;109.5902980655317;109.5566961310636;-0.02899999999999636;0.03400000000000603;2019.02.06 12:00;2019.02.06 19:00;144
747;109.663;109.663;109.649;109.656;48.14053610259754;50.26766210695283;109.7009083328617;109.6640791664308;109.6272499999998;109.5904208335688;109.5535916671379;-0.006999999999990791;0.01399999999999579;2019.02.06 11:55;2019.02.06 18:55;145
748;109.646;109.671;109.645;109.662;49.03898770415515;48.63656889362159;109.7050548364482;109.666802418224;109.6285499999998;109.5902975817756;109.5520451635514;0.01600000000000534;0.02600000000001046;2019.02.06 11:50;2019.02.06 18:50;146
749;109.664;109.665;109.645;109.645;46.34356517554753;50.5638241435035;109.7094069607261;109.6696284803629;109.6298499999998;109.5900715196367;109.5502930392735;-0.01900000000000546;0.02000000000001023;2019.02.06 11:45;2019.02.06 18:45;147
750;109.671;109.676;109.654;109.662;48.79540051225849;55.20233341134598;109.716654863442;109.6745024317209;109.6323499999998;109.5901975682787;109.5480451365577;-0.009000000000000341;0.02200000000000557;2019.02.06 11:40;2019.02.06 18:40;148
751;109.668;109.683;109.665;109.67;49.97746383934883;60.45896186094541;109.7170257357257;109.6747628678628;109.6324999999998;109.5902371321369;109.5479742642739;0.001999999999995339;0.01800000000000068;2019.02.06 11:35;2019.02.06 18:35;149
752;109.634;109.668;109.634;109.667;49.54200539601127;55.74868599957229;109.7155179406585;109.6737089703292;109.6318999999998;109.5900910296705;109.5482820593411;0.03300000000000125;0.03400000000000603;2019.02.06 11:30;2019.02.06 18:30;150
753;109.636;109.639;109.623;109.635;44.66031761126223;55.43728535120025;109.7195311900819;109.6763405950409;109.6331499999998;109.5899594049588;109.5467688099177;-0.000999999999990564;0.01599999999999113;2019.02.06 11:25;2019.02.06 18:25;151
754;109.587;109.646;109.587;109.637;44.91834594167639;52.03825535686894;109.7228965178388;109.6789232589193;109.6349499999998;109.5909767410803;109.5470034821608;0.04999999999999716;0.0589999999999975;2019.02.06 11:20;2019.02.06 18:20;152
755;109.586;109.593;109.574;109.588;36.36055533667135;51.80029339005318;109.7305140681929;109.6843070340963;109.6380999999998;109.5918929659032;109.5456859318067;0.001999999999995339;0.01900000000000546;2019.02.06 11:15;2019.02.06 18:15;153
756;109.562;109.589;109.558;109.587;36.16828214291903;48.16456463677264;109.7340986308767;109.6884493154382;109.6427999999998;109.5971506845613;109.5515013691228;0.02500000000000568;0.0309999999999917;2019.02.06 11:10;2019.02.06 18:10;154
757;109.592;109.595;109.561;109.563;31.44590570273604;43.01288303209143;109.7363487626458;109.6918993813228;109.6474499999998;109.6030006186767;109.5585512373537;-0.02899999999999636;0.03399999999999181;2019.02.06 11:05;2019.02.06 18:05;155
758;109.594;109.611;109.592;109.592;34.3642850657596;43.02876702948065;109.737337084588;109.6958685422939;109.6543999999998;109.6129314577056;109.5714629154115;-0.001999999999995339;0.01900000000000546;2019.02.06 11:00;2019.02.06 18:00;156
759;109.574;109.607;109.572;109.593;34.46907822050997;37.3332376923083;109.7399456303425;109.6998978151711;109.6598499999998;109.6198021848284;109.579754369657;0.01900000000000546;0.03499999999999659;2019.02.06 10:55;2019.02.06 17:55;157
760;109.592;109.595;109.572;109.574;30.65194708743162;36.85096316193906;109.7507688870755;109.7092344435376;109.6676999999998;109.6261655564619;109.584631112924;-0.01800000000000068;0.02299999999999613;2019.02.06 10:50;2019.02.06 17:50;158
761;109.61;109.61;109.575;109.591;32.24863897605962;36.53504750402675;109.7499035330709;109.7125767665353;109.6752499999998;109.6379232334642;109.6005964669286;-0.01900000000000546;0.03499999999999659;2019.02.06 10:45;2019.02.06 17:45;159
762;109.623;109.626;109.608;109.609;34.03181992415473;36.24518016787729;109.756531586554;109.7201157932769;109.6836999999998;109.6472842067227;109.6108684134456;-0.01400000000001;0.01800000000000068;2019.02.06 10:40;2019.02.06 17:40;160
763;109.636;109.641;109.62;109.62;35.16053220535049;36.76800927002233;109.7753193471329;109.7343846735663;109.6934499999998;109.6525153264332;109.6115806528667;-0.01599999999999113;0.0210000000000008;2019.02.06 10:35;2019.02.06 17:35;161
764;109.666;109.666;109.636;109.637;36.9602866216496;40.65467094047743;109.7908478303758;109.7467739151878;109.7026999999998;109.6586260848118;109.6145521696238;-0.02899999999999636;0.03000000000000114;2019.02.06 10:30;2019.02.06 17:30;162
765;109.692;109.693;109.663;109.664;40.05370723344573;44.4213642361142;109.8029902380947;109.7568951190472;109.7107999999998;109.6647048809523;109.6186097619048;-0.02799999999999159;0.03000000000000114;2019.02.06 10:25;2019.02.06 17:25;163
766;109.682;109.693;109.664;109.693;43.79372222396432;47.86970155911428;109.8089380508998;109.7624940254498;109.7160499999998;109.6696059745498;109.6231619490998;0.01099999999999568;0.02899999999999636;2019.02.06 10:20;2019.02.06 17:20;164
767;109.688;109.69;109.672;109.682;41.83668975103406;46.47885408076299;109.8135454194316;109.7664727097157;109.7193999999998;109.6723272902838;109.6252545805679;-0.006000000000000227;0.01800000000000068;2019.02.06 10:15;2019.02.06 17:15;165
768;109.694;109.704;109.676;109.688;42.60539522812386;50.55015048068216;109.8186180662813;109.7711840331405;109.7237499999998;109.676315966859;109.6288819337182;-0.006000000000000227;0.02799999999999159;2019.02.06 10:10;2019.02.06 17:10;166
769;109.666;109.705;109.663;109.695;43.49106765679533;45.92787788155653;109.8211976645144;109.7740988322571;109.7269999999998;109.6799011677425;109.6328023354852;0.02899999999999636;0.04200000000000159;2019.02.06 10:05;2019.02.06 17:05;167
770;109.658;109.695;109.657;109.665;38.26615974403184;40.46958612468766;109.8234497329054;109.7766498664526;109.7298499999998;109.683050133547;109.6362502670942;0.007000000000005002;0.0379999999999967;2019.02.06 10:00;2019.02.06 17:00;168
771;109.692;109.701;109.654;109.658;36.97440858825985;36.59761914259167;109.8243238807459;109.7795119403729;109.7346999999998;109.6898880596267;109.6450761192536;-0.03399999999999181;0.04699999999999704;2019.02.06 09:55;2019.02.06 16:55;169
772;109.672;109.697;109.659;109.692;40.92587224101389;41.38923270293898;109.8227448009219;109.7812724004608;109.7397999999998;109.6983275995388;109.6568551990777;0.01999999999999602;0.0379999999999967;2019.02.06 09:50;2019.02.06 16:50;170
773;109.701;109.704;109.668;109.671;36.97363507318045;36.82406997280585;109.8226309939959;109.7826154969978;109.7425999999998;109.7025845030018;109.6625690060037;-0.02999999999998693;0.03599999999998715;2019.02.06 09:45;2019.02.06 16:45;171
774;109.684;109.705;109.672;109.7;40.53106185577013;41.61673623947726;109.8199479479874;109.7833989739936;109.7468499999998;109.710301026006;109.6737520520122;0.01600000000000534;0.03300000000000125;2019.02.06 09:40;2019.02.06 16:40;172
775;109.681;109.684;109.665;109.682;36.95423557978699;35.52294468230163;109.819870782629;109.7848603913144;109.7498499999998;109.7148396086852;109.6798292173707;0.001000000000004775;0.01899999999999125;2019.02.06 09:35;2019.02.06 16:35;173
776;109.703;109.713;109.677;109.68;36.55141588672794;35.5112992044935;109.8162232014487;109.7848616007243;109.7534999999998;109.7221383992754;109.6907767985509;-0.02299999999999613;0.03599999999998715;2019.02.06 09:30;2019.02.06 16:30;174
777;109.7;109.703;109.681;109.702;39.16650110504209;40.21475519119436;109.8109882284502;109.784444114225;109.7578999999998;109.7313558857746;109.7048117715494;0.001999999999995339;0.02200000000000557;2019.02.06 09:25;2019.02.06 16:25;175
778;109.751;109.751;109.683;109.701;38.97797600763618;44.50973404662416;109.8082323684735;109.7848411842366;109.7614499999998;109.738058815763;109.7146676315262;-0.05000000000001137;0.06799999999999784;2019.02.06 09:20;2019.02.06 16:20;176
779;109.727;109.769;109.727;109.75;45.54885602451944;51.6079817711009;109.8024375310943;109.7835937655471;109.7647499999998;109.7459062344526;109.7270624689053;0.02299999999999613;0.04200000000000159;2019.02.06 09:15;2019.02.06 16:15;177
780;109.761;109.763;109.724;109.725;40.70380186709738;46.22925128969643;109.8024273484104;109.7838636742051;109.7652999999998;109.7467363257945;109.7281726515892;-0.03600000000000136;0.03900000000000148;2019.02.06 09:10;2019.02.06 16:10;178
781;109.804;109.817;109.755;109.76;46.16739911138317;50.22236491162714;109.7994527518204;109.7833263759101;109.7671999999998;109.7510736240895;109.7349472481793;-0.04399999999999693;0.06199999999999761;2019.02.06 09:05;2019.02.06 16:05;179
782;109.805;109.815;109.787;109.804;54.98127053182661;59.21762290606285;109.799683640691;109.7836418203454;109.7675999999998;109.7515581796542;109.7355163593086;-0.001000000000004775;0.02799999999999159;2019.02.06 09:00;2019.02.06 16:00;180
783;109.799;109.822;109.792;109.805;55.20883834691545;60.13317723721386;109.7929171427097;109.7790585713548;109.7651999999998;109.7513414286449;109.7374828572899;0.006000000000000227;0.03000000000000114;2019.02.06 08:55;2019.02.06 15:55;181
784;109.77;109.8;109.759;109.799;54.12657719442375;58.4799564470149;109.7844085696798;109.7739042848398;109.7633999999998;109.7528957151598;109.7423914303198;0.02900000000001057;0.04099999999999682;2019.02.06 08:50;2019.02.06 15:50;182
785;109.76;109.772;109.753;109.769;48.17901461369321;53.70205026680436;109.7749857069895;109.7679928534947;109.7609999999998;109.754007146505;109.7470142930102;0.009000000000000341;0.01900000000000546;2019.02.06 08:45;2019.02.06 15:45;183
786;109.769;109.775;109.756;109.76;46.19072390037373;48.65130342372952;109.7740467387449;109.7671483693724;109.7602499999998;109.7533516306273;109.7464532612547;-0.009000000000000341;0.01900000000000546;2019.02.06 08:40;2019.02.06 15:40;184
787;109.751;109.77;109.746;109.769;47.93806763142658;49.30331275402678;109.7748524645747;109.7677512322872;109.7606499999998;109.7535487677124;109.746447535425;0.01800000000000068;0.02400000000000091;2019.02.06 08:35;2019.02.06 15:35;185
788;109.753;109.768;109.744;109.753;44.38488530411156;42.83583707332241;109.7737973633834;109.7669236816916;109.7600499999998;109.753176318308;109.7463026366162;0.0;0.02400000000000091;2019.02.06 08:30;2019.02.06 15:30;186
789;109.762;109.767;109.749;109.752;44.15859959179373;42.61421091441401;109.7757136922095;109.7684068461047;109.7610999999998;109.753793153895;109.7464863077901;-0.01000000000000512;0.01800000000000068;2019.02.06 08:25;2019.02.06 15:25;187
790;109.761;109.773;109.757;109.762;45.93410993665591;41.91431232643799;109.7864997264752;109.7750748632375;109.7636499999998;109.7522251367621;109.7408002735244;0.001000000000004775;0.01599999999999113;2019.02.06 08:20;2019.02.06 15:20;188
791;109.747;109.769;109.746;109.76;45.51789718923146;41.52658572348414;109.7955168870746;109.7807084435372;109.7658999999998;109.7510915564624;109.736283112925;0.01300000000000523;0.02300000000001035;2019.02.06 08:15;2019.02.06 15:15;189
792;109.75;109.763;109.742;109.748;43.01750377476464;40.90014530225095;109.8026876247727;109.7854688123862;109.7682499999998;109.7510311876133;109.7338123752269;-0.001999999999995339;0.0210000000000008;2019.02.06 08:10;2019.02.06 15:10;190
793;109.76;109.774;109.749;109.756;44.3052858447802;39.50150196681739;109.8057912862597;109.7882206431297;109.7706499999998;109.7530793568698;109.7355087137399;-0.004000000000004889;0.02500000000000568;2019.02.06 08:05;2019.02.06 15:05;191
794;109.754;109.768;109.739;109.76;44.94438197976739;33.54894042660877;109.8140472359297;109.7939236179647;109.7737999999998;109.7536763820348;109.7335527640698;0.006000000000000227;0.02899999999999636;2019.02.06 08:00;2019.02.06 15:00;192
795;109.765;109.768;109.751;109.755;43.98487176818539;40.96879877313326;109.8252426619091;109.8013963309544;109.7775499999997;109.7537036690451;109.7298573380904;-0.01000000000000512;0.01699999999999591;2019.02.06 07:55;2019.02.06 14:55;193
796;109.772;109.775;109.765;109.768;45.9634704940751;41.07526068198086;109.8299088227397;109.8052544113697;109.7805999999997;109.7559455886298;109.7312911772598;-0.004000000000004889;0.01000000000000512;2019.02.06 07:50;2019.02.06 14:50;194
797;109.764;109.775;109.75;109.773;46.73156557353725;42.79640610998468;109.834620481364;109.8088602406819;109.7830999999997;109.7573397593176;109.7315795186355;0.009000000000000341;0.02500000000000568;2019.02.06 07:45;2019.02.06 14:45;195
798;109.761;109.769;109.753;109.767;45.69706599826568;42.56677629818744;109.8376801670458;109.8113400835228;109.7849999999997;109.7586599164767;109.7323198329537;0.006000000000000227;0.01600000000000534;2019.02.06 07:40;2019.02.06 14:40;196
799;109.763;109.768;109.744;109.761;44.67637420196209;37.02716510708437;109.8376939354093;109.8116219677045;109.7855499999997;109.759478032295;109.7334060645902;-0.00200000000000955;0.02400000000000091;2019.02.06 07:35;2019.02.06 14:35;197
800;109.768;109.775;109.752;109.763;44.94388684233547;36.39863166333267;109.8381334286801;109.8126417143399;109.7871499999998;109.7616582856596;109.7361665713194;-0.004999999999995453;0.02300000000001035;2019.02.06 07:30;2019.02.06 14:30;198
801;109.756;109.78;109.748;109.768;45.592254087033;40.33949147452674;109.8387550097683;109.813802504884;109.7888499999998;109.7638974951155;109.7389449902312;0.01200000000000045;0.03199999999999648;2019.02.06 07:25;2019.02.06 14:25;199
802;109.769;109.769;109.738;109.756;43.74183170524974;40.3401525978619;109.8391613252216;109.8146556626107;109.7901499999998;109.7656443373888;109.7411386747779;-0.01300000000000523;0.03100000000000591;2019.02.06 07:20;2019.02.06 14:20;200
803;109.75;109.77;109.75;109.769;45.32842827580532;45.75676840139742;109.8384977125376;109.8152738562687;109.7920499999997;109.7688261437308;109.7456022874619;0.01900000000000546;0.01999999999999602;2019.02.06 07:15;2019.02.06 14:15;201
804;109.753;109.765;109.75;109.751;42.58928162063496;41.87888818820844;109.8387254733307;109.8152877366652;109.7918499999998;109.7684122633343;109.7449745266688;-0.001999999999995339;0.01500000000000057;2019.02.06 07:10;2019.02.06 14:10;202
805;109.768;109.776;109.749;109.754;42.9298350836275;45.82998049470206;109.8370755005609;109.8149127502803;109.7927499999997;109.7705872497191;109.7484244994385;-0.01399999999999579;0.02700000000000102;2019.02.06 07:05;2019.02.06 14:05;203
806;109.756;109.775;109.756;109.768;44.5076273222484;50.71866161014142;109.8357716886609;109.8145858443303;109.7933999999997;109.7722141556691;109.7510283113386;0.01200000000000045;0.01900000000000546;2019.02.06 07:00;2019.02.06 14:00;204
807;109.772;109.773;109.746;109.757;42.94234467302498;45.50207796334809;109.8382438788086;109.8152719394041;109.7922999999997;109.7693280605953;109.7463561211909;-0.01500000000000057;0.02700000000000102;2019.02.06 06:55;2019.02.06 13:55;205
808;109.802;109.803;109.774;109.774;44.79755712425617;52.56311877475442;109.8369173042542;109.8151336521269;109.7933499999997;109.7715663478725;109.7497826957453;-0.0280000000000058;0.02899999999999636;2019.02.06 06:50;2019.02.06 13:50;206
809;109.807;109.808;109.799;109.803;48.17010540282233;57.54007559186714;109.8367933035688;109.8154216517843;109.7940499999997;109.7726783482152;109.7513066964306;-0.004000000000004889;0.009000000000000341;2019.02.06 06:45;2019.02.06 13:45;207
810;109.808;109.81;109.801;109.807;48.65002949278709;61.7781014598919;109.8385311736594;109.8148655868296;109.7911999999997;109.7675344131699;109.7438688263401;-0.001000000000004775;0.009000000000000341;2019.02.06 06:40;2019.02.06 13:40;208
811;109.799;109.815;109.795;109.807;48.65002949278709;64.49864740744079;109.842783085021;109.8148165425104;109.7868499999997;109.7588834574891;109.7309169149784;0.007999999999995566;0.01999999999999602;2019.02.06 06:35;2019.02.06 13:35;209
812;109.819;109.819;109.791;109.796;47.34809557252164;60.23340341021196;109.8491407210152;109.8151953605075;109.7812499999998;109.747304639492;109.7133592789843;-0.02299999999999613;0.0280000000000058;2019.02.06 06:30;2019.02.06 13:30;210
813;109.834;109.838;109.814;109.819;49.85912713123154;59.17822496907494;109.8530283519956;109.8146641759977;109.7762999999998;109.7379358240018;109.6995716480039;-0.01500000000000057;0.02400000000000091;2019.02.06 06:25;2019.02.06 13:25;211
814;109.815;109.839;109.815;109.835;51.67006873703301;56.57311657788021;109.8482128110108;109.8101564055053;109.7720999999998;109.7340435944943;109.6959871889888;0.01999999999999602;0.02400000000000091;2019.02.06 06:20;2019.02.06 13:20;212
815;109.818;109.828;109.803;109.816;49.60514905390338;57.23195818510187;109.8407777429901;109.805288871495;109.7697999999998;109.7343111285046;109.6988222570095;-0.001999999999995339;0.02500000000000568;2019.02.06 06:15;2019.02.06 13:15;213
816;109.81;109.828;109.81;109.818;49.81799886299251;62.93329600801361;109.8373035505271;109.8029767752634;109.7686499999998;109.7343232247362;109.6999964494725;0.007999999999995566;0.01800000000000068;2019.02.06 06:10;2019.02.06 13:10;214
817;109.776;109.811;109.774;109.811;49.09168068239759;66.19961851541285;109.8308885876106;109.7975942938052;109.7642999999998;109.7310057061944;109.697711412389;0.0350000000000108;0.03700000000000614;2019.02.06 06:05;2019.02.06 13:05;215
818;109.793;109.796;109.765;109.778;45.56299767255274;54.56316047998357;109.8366031676393;109.7963515838196;109.7560999999998;109.71584841618;109.6755968323603;-0.01500000000000057;0.03100000000000591;2019.02.06 06:00;2019.02.06 13:00;216
819;109.797;109.809;109.784;109.793;46.96883342875502;53.56697180966082;109.8367087363355;109.7964293681676;109.7561499999998;109.715870631832;109.6755912636641;-0.003999999999990678;0.02499999999999147;2019.02.06 05:55;2019.02.06 12:55;217
820;109.793;109.81;109.793;109.797;47.338859585177;56.92378460769213;109.8915563366117;109.8285281683057;109.7654999999998;109.7024718316939;109.639443663388;0.003999999999990678;0.01699999999999591;2019.02.06 05:50;2019.02.06 12:50;218
821;109.795;109.8;109.788;109.794;47.04159552051146;53.09152940755809;109.9195421713365;109.8460960856681;109.7726499999998;109.6992039143315;109.6257578286631;-0.001000000000004775;0.01200000000000045;2019.02.06 05:45;2019.02.06 12:45;219
822;109.766;109.794;109.765;109.794;47.04159552051146;50.02751271479962;109.9546800509611;109.8683400254804;109.7819999999998;109.6956599745191;109.6093199490385;0.02799999999999159;0.02899999999999636;2019.02.06 05:40;2019.02.06 12:40;220
823;109.77;109.781;109.765;109.765;44.29848627871001;52.32268167822418;109.9881606575378;109.8901053287688;109.7920499999998;109.6939946712308;109.5959393424618;-0.004999999999995453;0.01600000000000534;2019.02.06 05:35;2019.02.06 12:35;221
824;109.766;109.777;109.765;109.769;44.60120578729511;56.13112224043778;110.0158292048108;109.9094396024053;109.8030499999998;109.6966603975943;109.5902707951888;0.003000000000000114;0.01200000000000045;2019.02.06 05:30;2019.02.06 12:30;222
825;109.745;109.776;109.745;109.767;44.42079709974386;56.57133591956666;110.0333628780706;109.9227064390352;109.8120499999998;109.7013935609644;109.590737121929;0.02199999999999136;0.0309999999999917;2019.02.06 05:25;2019.02.06 12:25;223
826;109.779;109.787;109.741;109.746;42.55474306405631;56.88816885285573;110.0442500834258;109.9318750417128;109.8194999999998;109.7071249582868;109.5947499165738;-0.03300000000000125;0.04600000000000648;2019.02.06 05:20;2019.02.06 12:20;224
827;109.791;109.797;109.774;109.778;44.72870804767074;60.56917393446124;110.0505842851629;109.9385921425813;109.8265999999998;109.7146078574183;109.6026157148368;-0.01299999999999102;0.02299999999999613;2019.02.06 05:15;2019.02.06 12:15;225
828;109.745;109.79;109.744;109.788;45.41752151468095;61.4409568786194;110.0553048256851;109.9434024128425;109.8314999999998;109.7195975871572;109.6076951743146;0.04299999999999216;0.04600000000000648;2019.02.06 05:10;2019.02.06 12:10;226
829;109.715;109.749;109.712;109.746;41.84412012627564;55.80828644000054;110.0584519652767;109.9468259826383;109.8351999999998;109.7235740173614;109.6119480347229;0.0309999999999917;0.03699999999999193;2019.02.06 05:05;2019.02.06 12:05;227
830;109.696;109.739;109.694;109.72;39.51537920592163;53.25539797843972;110.0624087833018;109.9522543916508;109.8420999999998;109.7319456083488;109.6217912166978;0.02400000000000091;0.04500000000000171;2019.02.06 05:00;2019.02.06 12:00;228
831;109.699;109.743;109.695;109.695;37.21898664555656;51.96403249126961;110.0652494164323;109.9581497082161;109.8510499999998;109.7439502917836;109.6368505835674;-0.004000000000004889;0.04800000000000182;2019.02.06 04:55;2019.02.06 11:55;229
832;109.734;109.755;109.697;109.697;37.32669124644001;52.10157955446452;110.0632817185418;109.9620908592708;109.8608999999998;109.7597091407288;109.6585182814578;-0.03699999999999193;0.05799999999999272;2019.02.06 04:50;2019.02.06 11:50;230
833;109.786;109.786;109.71;109.735;39.38383639640908;56.23857990545014;110.0595732204372;109.9653616102185;109.8711499999998;109.7769383897811;109.6827267795624;-0.05100000000000193;0.07600000000000762;2019.02.06 04:45;2019.02.06 11:45;231
834;109.794;109.81;109.772;109.789;42.54957015382649;60.55113759793226;110.0569313930683;109.9679906965341;109.8790499999998;109.7901093034655;109.7011686069313;-0.004999999999995453;0.0379999999999967;2019.02.06 04:40;2019.02.06 11:40;232
835;109.732;109.806;109.731;109.793;42.79162006877658;60.46189526621853;110.0560311750232;109.9694155875115;109.8827999999998;109.7961844124881;109.7095688249764;0.06100000000000705;0.07500000000000284;2019.02.06 04:35;2019.02.06 11:35;233
836;109.649;109.74;109.646;109.731;37.56142294046714;54.18083784977595;110.0546802627849;109.9699151313924;109.8851499999998;109.8003848686072;109.7156197372147;0.08199999999999363;0.09399999999999409;2019.02.06 04:30;2019.02.06 11:30;234
837;109.78;109.79;109.626;109.647;29.23435561149006;46.29726296448506;110.0463508360104;109.9686004180051;109.8908499999998;109.8130995819945;109.7353491639892;-0.1329999999999956;0.1640000000000015;2019.02.06 04:25;2019.02.06 11:25;235
838;109.98;109.98;109.779;109.779;36.50158883933255;55.37626646394705;110.0147589282062;109.960154464103;109.9055499999998;109.8509455358966;109.7963410717933;-0.2010000000000076;0.2010000000000076;2019.02.06 04:20;2019.02.06 11:20;236
839;109.944;109.988;109.939;109.98;56.99822822123371;60.14204698027675;110.0075587422506;109.9607293711252;109.9138999999998;109.8670706288744;109.820241257749;0.03600000000000136;0.04900000000000659;2019.02.06 04:15;2019.02.06 11:15;237
840;109.982;109.988;109.933;109.94;51.89100664228447;60.02790475878886;110.001116380703;109.9564331903514;109.9117499999998;109.8670668096481;109.8223836192965;-0.04200000000000159;0.05499999999999261;2019.02.06 04:10;2019.02.06 11:10;238
841;109.994;110.007;109.981;109.981;58.6770051635274;64.52603807897947;110.0000888991375;109.9556694495686;109.9112499999998;109.8668305504309;109.822411100862;-0.01300000000000523;0.02600000000001046;2019.02.06 04:05;2019.02.06 11:05;239
842;109.985;110.05;109.965;109.995;61.27646525445606;65.38217765751247;109.9904245437391;109.9489872718694;109.9075499999998;109.8661127281301;109.8246754562605;0.01000000000000512;0.08499999999999375;2019.02.06 04:00;2019.02.06 11:00;240
843;109.948;110.0;109.948;109.985;60.07629852375587;63.9240465630655;109.9765096147495;109.9401048073746;109.9036999999998;109.8672951926249;109.8308903852501;0.03700000000000614;0.05200000000000671;2019.02.06 03:55;2019.02.06 10:55;241
844;109.916;109.949;109.902;109.949;55.34277635310675;57.95349204904206;109.9625670567361;109.931233528368;109.8998999999998;109.8685664716316;109.8372329432634;0.03300000000000125;0.04699999999999704;2019.02.06 03:50;2019.02.06 10:50;242
845;109.889;109.92;109.881;109.916;50.20105149358384;52.00933713052106;109.9567809492946;109.9273904746472;109.8979999999998;109.8686095253524;109.839219050705;0.02700000000000102;0.03900000000000148;2019.02.06 03:45;2019.02.06 10:45;243
846;109.874;109.907;109.869;109.888;45.10650288877106;47.5612290832062;109.9570097614999;109.9275548807498;109.8980999999998;109.8686451192497;109.8391902384997;0.01400000000001;0.0379999999999967;2019.02.06 03:40;2019.02.06 10:40;244
847;109.862;109.901;109.844;109.876;42.72072580098287;48.11406183189978;109.9642575392312;109.9327537696155;109.9012499999998;109.8697462303841;109.8382424607684;0.01400000000001;0.05700000000000216;2019.02.06 03:35;2019.02.06 10:35;245
848;109.882;109.883;109.83;109.862;39.82193006576677;42.85069885677636;109.9688227780633;109.9366863890315;109.9045499999998;109.872413610968;109.8402772219363;-0.02000000000001023;0.05299999999999727;2019.02.06 03:30;2019.02.06 10:30;246
849;109.899;109.899;109.862;109.884;43.07637969584218;49.34671837655858;109.9724948977546;109.9406474488772;109.9087999999998;109.8769525511224;109.8451051022449;-0.01500000000000057;0.03700000000000614;2019.02.06 03:25;2019.02.06 10:25;247
850;109.892;109.917;109.887;109.899;45.48410587127164;49.54043296225667;109.9758937691678;109.9437968845838;109.9116999999998;109.8796031154157;109.8475062308317;0.007000000000005002;0.03000000000000114;2019.02.06 03:20;2019.02.06 10:20;248
851;109.902;109.904;109.879;109.892;44.09888588979602;49.63471666221169;109.9810747699956;109.9477873849977;109.9144999999998;109.8812126150019;109.8479252300039;-0.01000000000000512;0.02499999999999147;2019.02.06 03:15;2019.02.06 10:15;249
852;109.891;109.918;109.891;109.902;45.67391810897259;50.26256357139588;109.9849969466369;109.9512234733184;109.9174499999998;109.8836765266812;109.8499030533627;0.01099999999999568;0.02700000000000102;2019.02.06 03:10;2019.02.06 10:10;250
853;109.864;109.893;109.856;109.893;43.96270091985786;46.39509071822085;109.988572847618;109.9542364238089;109.9198999999998;109.8855635761907;109.8512271523815;0.02899999999999636;0.03700000000000614;2019.02.06 03:05;2019.02.06 10:05;251
854;109.839;109.87;109.81;109.864;37.98289127749386;45.47771030769098;109.9930340662802;109.95816703314;109.9232999999998;109.8884329668596;109.8535659337194;0.02500000000000568;0.06000000000000227;2019.02.06 03:00;2019.02.06 10:00;252
855;109.85;109.86;109.822;109.84;32.3033367063836;41.05752794486393;109.9933886249663;109.960644312483;109.9278999999998;109.8951556875165;109.8624113750333;-0.009999999999990905;0.0379999999999967;2019.02.06 02:55;2019.02.06 09:55;253
856;109.941;109.943;109.845;109.845;32.8996526793096;44.2736558957394;109.9860381540481;109.959819077024;109.9335999999998;109.9073809229756;109.8811618459514;-0.09600000000000364;0.09799999999999898;2019.02.06 02:50;2019.02.06 09:50;254
857;109.947;109.95;109.938;109.941;49.60058354548204;47.02390597985086;109.9759660505183;109.957933025259;109.9398999999998;109.9218669747406;109.9038339494813;-0.006000000000000227;0.01200000000000045;2019.02.06 02:45;2019.02.06 09:45;255
858;109.938;109.951;109.928;109.946;50.878510801086;45.60400930841094;109.9795366316506;109.9604183158252;109.9412999999998;109.9221816841744;109.903063368349;0.007999999999995566;0.02299999999999613;2019.02.06 02:40;2019.02.06 09:40;256
859;109.934;109.938;109.927;109.937;48.61462242642904;45.75179114719372;109.9839027979581;109.9633513989789;109.9427999999998;109.9222486010207;109.9016972020415;0.003000000000000114;0.01099999999999568;2019.02.06 02:35;2019.02.06 09:35;257
860;109.906;109.938;109.906;109.93;46.8030774132909;41.10556646922868;109.9840268204957;109.9635134102477;109.9429999999998;109.9224865897519;109.901973179504;0.02400000000000091;0.03199999999999648;2019.02.06 02:30;2019.02.06 09:30;258
861;109.918;109.923;109.898;109.907;40.22527939011312;39.09377535338661;109.9861049152693;109.9653774576346;109.9446499999998;109.9239225423651;109.9031950847303;-0.01100000000000989;0.02500000000000568;2019.02.06 02:25;2019.02.06 09:25;259
862;109.911;109.918;109.897;109.918;42.6196557533992;42.01537607688783;109.9844481431902;109.965599071595;109.9467499999998;109.9279009284047;109.9090518568095;0.007000000000005002;0.0210000000000008;2019.02.06 02:20;2019.02.06 09:20;260
863;109.907;109.914;109.899;109.909;39.83608095988276;41.77479876729388;109.9835650109725;109.9659075054861;109.9482499999998;109.9305924945135;109.9129349890271;0.00200000000000955;0.01500000000000057;2019.02.06 02:15;2019.02.06 09:15;261
864;109.919;109.92;109.898;109.911;40.24827154866125;43.8706846304737;109.9804934633539;109.9651967316769;109.9498999999998;109.9346032683227;109.9193065366457;-0.007999999999995566;0.02200000000000557;2019.02.06 02:10;2019.02.06 09:10;262
865;109.95;109.951;109.918;109.918;41.68232401312126;44.80492918764855;109.9767973338608;109.9643736669303;109.9519499999998;109.9395263330693;109.9271026661388;-0.03199999999999648;0.03299999999998704;2019.02.06 02:05;2019.02.06 09:05;263
866;109.942;109.952;109.928;109.951;49.59655718084603;37.21102366295373;109.9729948446757;109.9632974223377;109.9535999999998;109.9439025776619;109.934205155324;0.009000000000000341;0.02400000000000091;2019.02.06 02:00;2019.02.06 09:00;264
867;109.945;109.946;109.929;109.942;46.98873952298927;34.36006291131113;109.9731084606824;109.9634292303411;109.9537499999998;109.9440707696585;109.9343915393172;-0.003000000000000114;0.01699999999999591;2019.02.06 01:55;2019.02.06 08:55;265
868;109.943;109.95;109.935;109.947;48.30786454899462;41.8879854792326;109.9729432783552;109.9636466391775;109.9543499999998;109.9450533608221;109.9357567216445;0.004000000000004889;0.01500000000000057;2019.02.06 01:50;2019.02.06 08:50;266
869;109.954;109.954;109.933;109.942;46.89148406034714;36.43570947234325;109.9740970586113;109.9638985293056;109.9536999999998;109.9435014706941;109.9333029413883;-0.01200000000000045;0.02099999999998658;2019.02.06 01:45;2019.02.06 08:45;267
870;109.955;109.959;109.943;109.955;50.29541559454198;35.01707301214819;109.9746358187973;109.9640179093986;109.9533999999998;109.9427820906011;109.9321641812023;0.0;0.01600000000000534;2019.02.06 01:40;2019.02.06 08:40;268
871;109.951;109.958;109.946;109.951;49.21786406848065;32.24733980250028;109.9754388539436;109.9646194269717;109.9537999999998;109.942980573028;109.9321611460561;0.0;0.01200000000000045;2019.02.06 01:35;2019.02.06 08:35;269
872;109.962;109.975;109.944;109.951;49.21786406848065;32.03297748550625;109.9756692044255;109.9648596022127;109.9540499999999;109.943240397787;109.9324307955742;-0.01100000000000989;0.0309999999999917;2019.02.06 01:30;2019.02.06 08:30;270
873;109.961;109.979;109.955;109.961;51.74909382899755;31.22035472226518;109.9764394139114;109.9655197069556;109.9545999999999;109.9436802930441;109.9327605860883;0.0;0.02400000000000091;2019.02.06 01:25;2019.02.06 08:25;271
874;109.953;109.958;109.944;109.956;50.54086574787531;28.98285601380812;109.9769413640048;109.9658706820023;109.9547999999999;109.9437293179974;109.9326586359949;0.003000000000000114;0.01399999999999579;2019.02.06 01:20;2019.02.06 08:20;272
875;109.971;109.974;109.951;109.954;50.06572111235942;28.70744972998648;109.9776997777766;109.9664498888882;109.9551999999999;109.9439501111115;109.9327002222232;-0.01700000000001012;0.02300000000001035;2019.02.06 01:15;2019.02.06 08:15;273
876;109.97;109.971;109.957;109.971;54.27619780708407;28.77567836754467;109.9797465642323;109.9679232821161;109.9560999999999;109.9442767178836;109.9324534357674;0.001000000000004775;0.01400000000001;2019.02.06 01:10;2019.02.06 08:10;274
877;109.977;109.978;109.969;109.969;53.84234823048634;32.17628125857952;109.9842711314973;109.9706605657486;109.9570499999999;109.9434394342511;109.9298288685024;-0.008000000000009777;0.009000000000000341;2019.02.06 01:05;2019.02.06 08:05;275
878;109.941;109.983;109.94;109.976;55.59636978180515;32.15822404931821;109.9857736626561;109.971636831328;109.9574999999999;109.9433631686717;109.9292263373436;0.03499999999999659;0.04300000000000637;2019.02.06 01:00;2019.02.06 08:00;276
879;109.964;109.971;109.939;109.941;47.4674458605988;30.21816114619745;109.9865451035705;109.9721225517852;109.9576999999998;109.9432774482145;109.9288548964292;-0.02299999999999613;0.03200000000001069;2019.02.06 00:55;2019.02.06 07:55;277
880;109.949;109.971;109.949;109.963;53.29338779984129;34.09365637967133;109.9862814570224;109.9723657285111;109.9584499999999;109.9445342714886;109.9306185429773;0.01399999999999579;0.02200000000000557;2019.02.06 00:50;2019.02.06 07:50;278
881;109.948;109.953;109.948;109.949;49.55004097836078;34.96813846650269;109.9859840147892;109.9717170073945;109.9574499999999;109.9431829926052;109.9289159852105;0.001000000000004775;0.005000000000009663;2019.02.06 00:45;2019.02.06 07:45;279
882;109.942;109.952;109.94;109.948;49.27416973471661;35.52668996582864;109.9862060131243;109.9716530065621;109.9570999999999;109.9425469934376;109.9279939868754;0.006000000000000227;0.01200000000000045;2019.02.06 00:40;2019.02.06 07:40;280
883;109.952;109.954;109.941;109.942;47.64223971682229;30.72395426062452;109.9893522188619;109.9724511094309;109.9555499999999;109.9386488905688;109.9217477811378;-0.01000000000000512;0.01299999999999102;2019.02.06 00:35;2019.02.06 07:35;281
884;109.951;109.954;109.939;109.952;50.19930878576999;34.33667161771488;109.9893850999702;109.972442549985;109.9554999999999;109.9385574500147;109.9216149000295;0.001000000000004775;0.01500000000000057;2019.02.06 00:30;2019.02.06 07:30;282
885;109.954;109.954;109.946;109.951;49.94408018445439;36.98249762926926;109.9895136860617;109.9721568430308;109.9547999999999;109.9374431569689;109.920086313938;-0.003000000000000114;0.007999999999995566;2019.02.06 00:25;2019.02.06 07:25;283
886;109.954;109.954;109.954;109.954;50.6843892151014;45.94002622046398;109.9896465891471;109.9718732945735;109.9540999999999;109.9363267054263;109.9185534108527;0.0;0.0;2019.02.06 00:20;2019.02.06 07:20;284
887;109.935;109.954;109.928;109.954;50.6843892151014;40.36211836944281;109.9894174432968;109.9715337216483;109.9536499999999;109.9357662783514;109.9178825567029;0.01899999999999125;0.02599999999999625;2019.02.06 00:15;2019.02.06 07:15;285
888;109.936;109.945;109.922;109.934;45.855596620666;30.34948470013472;109.9893681422496;109.9714840711247;109.9535999999999;109.935715928875;109.9178318577501;-0.00200000000000955;0.02299999999999613;2019.02.06 00:10;2019.02.06 07:10;286
889;109.963;109.964;109.936;109.936;46.28615179842681;30.63649671512873;109.9891764349882;109.971863217494;109.9545499999998;109.9372367825057;109.9199235650115;-0.02699999999998681;0.02799999999999159;2019.02.06 00:05;2019.02.06 07:05;287
890;109.956;109.963;109.949;109.963;52.62293598845516;32.56448615438303;109.9895324880314;109.9726912440156;109.9558499999998;109.939008755984;109.9221675119682;0.006999999999990791;0.01399999999999579;2019.02.06 00:00;2019.02.06 07:00;288
